id;documento_identidad;nombre;apellidos;email;telefono;curriculum;curriculum_content_type;comentarios
1;Ergonomic contextually-based Trace;Avon Illinois uniform;architectures;Josue.Bosco42@hotmail.com;Manors Borders;../fake-data/blob/hipster.png;image/png;transmitting Fantastic feed
2;backing up;Investment Account;Borders Front-line Small Granite Chips;Amani.Kautzer93@hotmail.com;Louisiana;../fake-data/blob/hipster.png;image/png;Consultant pixel
3;disintermediate channels;bandwidth-monitored Unbranded;Gorgeous Rubber Swaziland;Marcia_Wiegand@gmail.com;indexing holistic;../fake-data/blob/hipster.png;image/png;Granite Fresh Georgia
4;Bedfordshire;Consultant e-tailers;Metal;Litzy31@gmail.com;Rupiah;../fake-data/blob/hipster.png;image/png;optical
5;instruction set Myanmar parsing;Licensed redundant New Caledonia;transition;Hayden.Ritchie@yahoo.com;grey utilize granular;../fake-data/blob/hipster.png;image/png;Credit Card Account
6;Music Credit Card Account;back-end Lebanese Pound Trace;zero tolerance;Ila_Quitzon@yahoo.com;Personal Loan Account;../fake-data/blob/hipster.png;image/png;whiteboard
7;Analyst auxiliary array;Bolivia Florida West Virginia;web-readiness;Issac_Schoen@hotmail.com;Cambridgeshire Assimilated;../fake-data/blob/hipster.png;image/png;Oklahoma Tasty
8;Soft functionalities National;Serbian Dinar;Small Italy disintermediate;Hallie.Tremblay3@hotmail.com;calculating Ridges;../fake-data/blob/hipster.png;image/png;Tactics Kip
9;Data;Indian Rupee deliverables Aruban Guilder;calculate Accountability Credit Card Account;Judge50@gmail.com;PCI Infrastructure;../fake-data/blob/hipster.png;image/png;Checking Account
10;Practical Soft;Berkshire;Minnesota Wisconsin;Janis.Kshlerin@gmail.com;Manager lime logistical;../fake-data/blob/hipster.png;image/png;1080p Associate value-added
